Campaign,Email,Campaign Description,Amount
Help Us Empower 500 Young Minds Through Coding,Codingking@gmail.com,"We’re on a mission to provide 500 underprivileged elementary students with their own computers to start their journey into the world of coding! These students are eager to learn but lack the resources to access modern technology and coding education. With your support, we can bridge this gap and equip them with the tools they need for a brighter future.
Why This Matters: Coding is a skill that opens doors to countless opportunities. By learning to code, these students will gain essential problem-solving, creativity, and critical-thinking skills that can transform their lives. Access to a computer can make all the difference.
How You Can Help: Every donation, no matter the amount, brings us closer to our goal of purchasing 500 computers. Your support means that each of these young students will have the chance to build, create, and learn in a whole new way.
Together, we can ignite a passion for technology and learning. Join us in making a real difference in these students’ lives. Thank you for your kindness and support!",500000
"Give 5,000 Young Athletes a Chance to Play, Learn, and Grow!",weirdcampaign@gmail.com,"We’re reaching out to make football training accessible for 5,000 underprivileged students who are eager to play, learn teamwork, and grow both on and off the field. With your support, we can provide these students with essential training and full football kits, helping them develop confidence, discipline, and a lifelong passion for sports.
Why It’s Important:
Football isn’t just a game; it’s a powerful tool for teaching teamwork, perseverance, and resilience. For many students, this opportunity will be their first chance to experience organized sports, develop new skills, and connect with a positive community.
How You Can Help:
Your donation will go directly toward training resources, kits, and equipment to ensure each student can participate fully. Every bit of support brings us closer to giving these 5,000 kids a chance to play and succeed.
Join us in empowering young athletes and making a lasting impact on their lives through the joy of football. Thank you for being part of their journey!",500000
